{
  "linear_regression_raw": 7.329735736397394,
  "linear_regression_scaled": 7.329735736397361
}