{
  "best_alpha": 10.0,
  "cv_rmse": 6.495927123810522,
  "test_rmse": 6.351668257111451
}