{
  "best_alpha": 0.01,
  "cv_rmse": 7.47438833420978,
  "test_rmse": 7.3297340233391335
}